Category,Book Name,Rating,Price
Travel,It's Only the Himalayas,Two,Â£45.17
Travel,Full Moon over Noahâs Ark: An Odyssey to Mount Ararat and Beyond,Four,Â£49.43
Travel,See America: A Celebration of Our National Parks & Treasured Sites,Three,Â£48.87
Travel,Vagabonding: An Uncommon Guide to the Art of Long-Term World Travel,Two,Â£36.94
Travel,Under the Tuscan Sun,Three,Â£37.33
Travel,A Summer In Europe,Two,Â£44.34
Travel,The Great Railway Bazaar,One,Â£30.54
Travel,A Year in Provence (Provence #1),Four,Â£56.88
Travel,The Road to Little Dribbling: Adventures of an American in Britain (Notes From a Small Island #2),One,Â£23.21
Travel,Neither Here nor There: Travels in Europe,Three,Â£38.95
Travel,"1,000 Places to See Before You Die",Five,Â£26.08
Mystery,Sharp Objects,Four,Â£47.82
Mystery,"In a Dark, Dark Wood",One,Â£19.63
Mystery,The Past Never Ends,Four,Â£56.50
Mystery,A Murder in Time,One,Â£16.64
Mystery,The Murder of Roger Ackroyd (Hercule Poirot #4),Four,Â£44.10
Mystery,The Last Mile (Amos Decker #2),Two,Â£54.21
Mystery,That Darkness (Gardiner and Renner #1),One,Â£13.92
Mystery,Tastes Like Fear (DI Marnie Rome #3),One,Â£10.69
Mystery,A Time of Torment (Charlie Parker #14),Five,Â£48.35
Mystery,A Study in Scarlet (Sherlock Holmes #1),Two,Â£16.73
Mystery,Poisonous (Max Revere Novels #3),Three,Â£26.80
Mystery,Murder at the 42nd Street Library (Raymond Ambler #1),Four,Â£54.36
Mystery,Most Wanted,Three,Â£35.28
Mystery,Hide Away (Eve Duncan #20),One,Â£11.84
Mystery,Boar Island (Anna Pigeon #19),Three,Â£59.48
Mystery,The Widow,Two,Â£27.26
Mystery,Playing with Fire,Three,Â£13.71
Mystery,What Happened on Beale Street (Secrets of the South Mysteries #2),Five,Â£25.37
Mystery,The Bachelor Girl's Guide to Murder (Herringford and Watts Mysteries #1),Five,Â£52.30
Mystery,Delivering the Truth (Quaker Midwife Mystery #1),Four,Â£20.89
Mystery,The Mysterious Affair at Styles (Hercule Poirot #1),Four,Â£24.80
Mystery,In the Woods (Dublin Murder Squad #1),Two,Â£38.38
Mystery,The Silkworm (Cormoran Strike #2),Five,Â£23.05
Mystery,The Exiled,Three,Â£43.45
Mystery,The Cuckoo's Calling (Cormoran Strike #1),One,Â£19.21
Mystery,Extreme Prey (Lucas Davenport #26),Three,Â£25.40
Mystery,Career of Evil (Cormoran Strike #3),Two,Â£24.72
Mystery,The No. 1 Ladies' Detective Agency (No. 1 Ladies' Detective Agency #1),Four,Â£57.70
Mystery,The Girl You Lost,Five,Â£12.29
Mystery,The Girl In The Ice (DCI Erika Foster #1),Three,Â£15.85
Mystery,Blood Defense (Samantha Brinkman #1),Three,Â£20.30
Mystery,1st to Die (Women's Murder Club #1),One,Â£53.98
Historical Fiction,Tipping the Velvet,One,Â£53.74
Historical Fiction,Forever and Forever: The Courtship of Henry Longfellow and Fanny Appleton,Three,Â£29.69
Historical Fiction,A Flight of Arrows (The Pathfinders #2),Five,Â£55.53
Historical Fiction,The House by the Lake,One,Â£36.95
Historical Fiction,Mrs. Houdini,Five,Â£30.25
Historical Fiction,The Marriage of Opposites,Four,Â£28.08
Historical Fiction,Glory over Everything: Beyond The Kitchen House,Three,Â£45.84
Historical Fiction,"Love, Lies and Spies",Two,Â£20.55
Historical Fiction,A Paris Apartment,Four,Â£39.01
Historical Fiction,Lilac Girls,Two,Â£17.28
Historical Fiction,The Constant Princess (The Tudor Court #1),Three,Â£16.62
Historical Fiction,The Invention of Wings,One,Â£37.34
Historical Fiction,World Without End (The Pillars of the Earth #2),Four,Â£32.97
Historical Fiction,The Passion of Dolssa,Five,Â£28.32
Historical Fiction,Girl With a Pearl Earring,One,Â£26.77
Historical Fiction,Voyager (Outlander #3),Five,Â£21.07
Historical Fiction,The Red Tent,Five,Â£35.66
Historical Fiction,The Last Painting of Sara de Vos,Two,Â£55.55
Historical Fiction,The Guernsey Literary and Potato Peel Pie Society,One,Â£49.53
Historical Fiction,Girl in the Blue Coat,Two,Â£46.83
Historical Fiction,Between Shades of Gray,Five,Â£20.79
Historical Fiction,While You Were Mine,Five,Â£41.32
Historical Fiction,The Secret Healer,Three,Â£34.56
Historical Fiction,Starlark,Three,Â£25.83
Historical Fiction,Lost Among the Living,Four,Â£27.70
Historical Fiction,A Spy's Devotion (The Regency Spies of London #1),Five,Â£16.97
Sequential Art,Scott Pilgrim's Precious Little Life (Scott Pilgrim #1),Five,Â£52.29
Sequential Art,Tsubasa: WoRLD CHRoNiCLE 2 (Tsubasa WoRLD CHRoNiCLE #2),One,Â£16.28
Sequential Art,This One Summer,Four,Â£19.49
Sequential Art,The Nameless City (The Nameless City #1),Four,Â£38.16
Sequential Art,"Saga, Volume 5 (Saga (Collected Editions) #5)",Two,Â£51.04
Sequential Art,"Rat Queens, Vol. 3: Demons (Rat Queens (Collected Editions) #11-15)",Three,Â£50.40
Sequential Art,"Princess Jellyfish 2-in-1 Omnibus, Vol. 01 (Princess Jellyfish 2-in-1 Omnibus #1)",Five,Â£13.61
Sequential Art,"Pop Gun War, Volume 1: Gift",One,Â£18.97
Sequential Art,Patience,Three,Â£10.16
Sequential Art,"Outcast, Vol. 1: A Darkness Surrounds Him (Outcast #1)",Four,Â£15.44
Sequential Art,orange: The Complete Collection 1 (orange: The Complete Collection #1),One,Â£48.41
Sequential Art,"Lumberjanes, Vol. 2: Friendship to the Max (Lumberjanes #5-8)",Two,Â£46.91
Sequential Art,"Lumberjanes, Vol. 1: Beware the Kitten Holy (Lumberjanes #1-4)",Three,Â£45.61
Sequential Art,Lumberjanes Vol. 3: A Terrible Plan (Lumberjanes #9-12),Two,Â£19.92
Sequential Art,"I Hate Fairyland, Vol. 1: Madly Ever After (I Hate Fairyland (Compilations) #1-5)",Two,Â£29.17
Sequential Art,I am a Hero Omnibus Volume 1,Three,Â£54.63
Sequential Art,"Giant Days, Vol. 2 (Giant Days #5-8)",Two,Â£22.11
Sequential Art,Danganronpa Volume 1,Four,Â£51.99
Sequential Art,"Codename Baboushka, Volume 1: The Conclave of Death",Four,Â£36.72
Sequential Art,Camp Midnight,Four,Â£17.08
Sequential Art,"Bitch Planet, Vol. 1: Extraordinary Machine (Bitch Planet (Collected Editions))",Two,Â£37.92
Sequential Art,The Shadow Hero (The Shadow Hero),One,Â£33.14
Sequential Art,"Fables, Vol. 1: Legends in Exile (Fables #1)",Four,Â£41.62
Sequential Art,Batman: The Long Halloween (Batman),Two,Â£36.50
Sequential Art,Batman: The Dark Knight Returns (Batman),Five,Â£15.38
Sequential Art,"Wonder Woman: Earth One, Volume One (Wonder Woman: Earth One #1)",Four,Â£37.34
Sequential Art,"We Are Robin, Vol. 1: The Vigilante Business (We Are Robin #1)",One,Â£53.90
Sequential Art,Through the Woods,Two,Â£25.38
Sequential Art,Superman Vol. 1: Before Truth (Superman by Gene Luen Yang #1),Five,Â£11.89
Sequential Art,"So Cute It Hurts!!, Vol. 6 (So Cute It Hurts!! #6)",Four,Â£35.43
Sequential Art,Robin War,Three,Â£47.82
Sequential Art,"Red Hood/Arsenal, Vol. 1: Open for Business (Red Hood/Arsenal #1)",Two,Â£25.48
Sequential Art,"Naruto (3-in-1 Edition), Vol. 14: Includes Vols. 40, 41 & 42 (Naruto: Omnibus #14)",Two,Â£38.39
Sequential Art,Lowriders to the Center of the Earth (Lowriders in Space #2),Two,Â£51.51
Sequential Art,El Deafo,Five,Â£57.62
Sequential Art,Batman: Europa,Two,Â£32.01
Sequential Art,Art Ops Vol. 1,Three,Â£48.80
Sequential Art,"Adulthood Is a Myth: A ""Sarah's Scribbles"" Collection",Two,Â£10.90
Sequential Art,"Fruits Basket, Vol. 9 (Fruits Basket #9)",Four,Â£33.95
Sequential Art,Roller Girl,Five,Â£14.10
Sequential Art,"Fruits Basket, Vol. 7 (Fruits Basket #7)",One,Â£19.57
Sequential Art,"Fruits Basket, Vol. 6 (Fruits Basket #6)",Four,Â£20.96
Sequential Art,"Death Note, Vol. 6: Give-and-Take (Death Note #6)",Three,Â£36.39
Sequential Art,"Fruits Basket, Vol. 5 (Fruits Basket #5)",One,Â£16.33
Sequential Art,"Death Note, Vol. 5: Whiteout (Death Note #5)",One,Â£52.41
Sequential Art,"The Demon Prince of Momochi House, Vol. 4 (The Demon Prince of Momochi House #4)",Two,Â£27.88
Sequential Art,"Fruits Basket, Vol. 4 (Fruits Basket #4)",Four,Â£50.44
Sequential Art,"The Wicked + The Divine, Vol. 3: Commercial Suicide (The Wicked + The Divine)",Three,Â£14.41
Sequential Art,"The Sandman, Vol. 3: Dream Country (The Sandman (volumes) #3)",Five,Â£55.55
Sequential Art,"Saga, Volume 3 (Saga (Collected Editions) #3)",Five,Â£21.57
Sequential Art,Prodigy: The Graphic Novel (Legend: The Graphic Novel #2),Three,Â£43.63
Sequential Art,Persepolis: The Story of a Childhood (Persepolis #1-2),One,Â£39.13
Sequential Art,Original Fake,Three,Â£31.45
Sequential Art,"Grayson, Vol 3: Nemesis (Grayson #3)",One,Â£42.72
Sequential Art,"Fruits Basket, Vol. 3 (Fruits Basket #3)",Two,Â£45.17
Sequential Art,"Black Butler, Vol. 1 (Black Butler #1)",One,Â£49.31
Sequential Art,Awkward,Two,Â£38.02
Sequential Art,"The Sandman, Vol. 2: The Doll's House (The Sandman (volumes) #2)",One,Â£54.81
Sequential Art,"Saga, Volume 2 (Saga (Collected Editions) #2)",Three,Â£11.75
Sequential Art,"Fruits Basket, Vol. 2 (Fruits Basket #2)",Five,Â£11.64
Sequential Art,"Y: The Last Man, Vol. 1: Unmanned (Y: The Last Man #1)",Four,Â£18.51
Sequential Art,"The Wicked + The Divine, Vol. 1: The Faust Act (The Wicked + The Divine)",Two,Â£36.52
Sequential Art,"The Sandman, Vol. 1: Preludes and Nocturnes (The Sandman (volumes) #1)",Three,Â£54.12
Sequential Art,The Complete Maus (Maus #1-2),Three,Â£10.64
Sequential Art,"Skip Beat!, Vol. 01 (Skip Beat! #1)",Three,Â£42.12
Sequential Art,"Saga, Volume 1 (Saga (Collected Editions) #1)",One,Â£28.48
Sequential Art,"Rat Queens, Vol. 1: Sass & Sorcery (Rat Queens (Collected Editions) #1-5)",Five,Â£46.96
Sequential Art,"Paper Girls, Vol. 1 (Paper Girls #1-5)",Four,Â£21.71
Sequential Art,"Ouran High School Host Club, Vol. 1 (Ouran High School Host Club #1)",Three,Â£29.87
Sequential Art,"Ms. Marvel, Vol. 1: No Normal (Ms. Marvel (2014-2015) #1)",Four,Â£39.39
Sequential Art,"Hawkeye, Vol. 1: My Life as a Weapon (Hawkeye #1)",Three,Â£45.24
Sequential Art,"Giant Days, Vol. 1 (Giant Days #1-4)",Four,Â£56.76
Sequential Art,"Fruits Basket, Vol. 1 (Fruits Basket #1)",Five,Â£40.28
Sequential Art,"Bleach, Vol. 1: Strawberry and the Soul Reapers (Bleach #1)",Five,Â£34.65
Sequential Art,"Ajin: Demi-Human, Volume 1 (Ajin: Demi-Human #1)",Four,Â£57.06
Classics,The Secret Garden,Four,Â£15.08
Classics,The Metamorphosis,One,Â£28.58
Classics,The Pilgrim's Progress,Two,Â£50.26
Classics,The Hound of the Baskervilles (Sherlock Holmes #5),Two,Â£14.82
Classics,Little Women (Little Women #1),Four,Â£28.07
Classics,Gone with the Wind,Three,Â£32.49
Classics,Candide,Three,Â£58.63
Classics,Animal Farm,Three,Â£57.22
Classics,Wuthering Heights,Three,Â£17.73
Classics,The Picture of Dorian Gray,Two,Â£29.70
Classics,The Complete Stories and Poems (The Works of Edgar Allan Poe [Cameo Edition]),Four,Â£26.78
Classics,Beowulf,Two,Â£38.35
Classics,And Then There Were None,Two,Â£35.01
Classics,The Story of Hong Gildong,Four,Â£43.19
Classics,The Little Prince,Two,Â£45.42
Classics,Sense and Sensibility,One,Â£37.46
Classics,Of Mice and Men,Two,Â£47.11
Classics,Emma,Two,Â£32.93
Classics,Alice in Wonderland (Alice's Adventures in Wonderland #1),One,Â£55.53
Philosophy,Sophie's World,Five,Â£15.94
Philosophy,The Death of Humanity: and the Case for Life,Four,Â£58.11
Philosophy,The Stranger,Four,Â£17.44
Philosophy,Proofs of God: Classical Arguments from Tertullian to Barth,One,Â£54.21
Philosophy,Kierkegaard: A Christian Missionary to Christians,One,Â£47.13
Philosophy,"At The Existentialist CafÃ©: Freedom, Being, and apricot cocktails with: Jean-Paul Sartre, Simone de Beauvoir, Albert Camus, Martin Heidegger, Edmund Husserl, Karl Jaspers, Maurice Merleau-Ponty and others",Five,Â£29.93
Philosophy,Critique of Pure Reason,One,Â£20.75
Philosophy,"Run, Spot, Run: The Ethics of Keeping Pets",One,Â£20.02
Philosophy,The Nicomachean Ethics,One,Â£36.34
Philosophy,Meditations,Two,Â£25.89
Philosophy,Beyond Good and Evil,One,Â£43.38
Romance,Chase Me (Paris Nights #2),Five,Â£25.27
Romance,Black Dust,Five,Â£34.53
Romance,Her Backup Boyfriend (The Sorensen Family #1),One,Â£33.97
Romance,First and First (Five Boroughs #3),Four,Â£15.97
Romance,Fifty Shades Darker (Fifty Shades #2),One,Â£21.96
Romance,The Wedding Dress,One,Â£24.12
Romance,Suddenly in Love (Lake Haven #1),Two,Â£55.99
Romance,Something More Than This,Four,Â£16.24
Romance,Doing It Over (Most Likely To #1),Three,Â£35.61
Romance,The Wedding Pact (The O'Malleys #2),Three,Â£32.61
Romance,Hold Your Breath (Search and Rescue #1),One,Â£28.82
Romance,Dirty (Dive Bar #1),Four,Â£40.83
Romance,Take Me Home Tonight (Rock Star Romance #3),Three,Â£53.98
Romance,Off the Hook (Fishing for Trouble #1),Three,Â£47.67
Romance,A Gentleman's Position (Society of Gentlemen #3),Five,Â£14.75
Romance,"Sit, Stay, Love",Three,Â£20.90
Romance,A Girl's Guide to Moving On (New Beginnings #2),One,Â£31.30
Romance,The Perfect Play (Play by Play #1),Three,Â£59.99
Romance,Dark Lover (Black Dagger Brotherhood #1),One,Â£12.87
Romance,Changing the Game (Play by Play #2),Three,Â£13.38
Romance,A Walk to Remember,One,Â£56.43
Romance,The Purest Hook (Second Circle Tattoos #3),One,Â£12.25
Romance,The Obsession,One,Â£45.43
Romance,Reservations for Two,Three,Â£11.10
Romance,Best of My Love (Fool's Gold #20),Two,Â£27.41
Romance,Where Lightning Strikes (Bleeding Stars #3),Three,Â£39.77
Romance,This One Moment (Pushing Limits #1),One,Â£48.71
Romance,"Rhythm, Chord & Malykhin",Two,Â£28.34
Romance,My Perfect Mistake (Over the Top #1),Two,Â£38.92
Romance,Listen to Me (Fusion #1),Three,Â£58.99
Romance,Imperfect Harmony,Four,Â£34.74
Romance,Fighting Fate (Fighting #6),Three,Â£39.24
Romance,Deep Under (Walker Security #1),Five,Â£47.09
Romance,Charity's Cross (Charles Towne Belles #4),One,Â£41.24
Romance,Bounty (Colorado Mountain #7),Four,Â£37.26
Womens Fiction,I Had a Nice Time And Other Lies...: How to find love & sh*t like that,Four,Â£57.36
Womens Fiction,Will You Won't You Want Me?,Three,Â£13.86
Womens Fiction,Keep Me Posted,Four,Â£20.46
Womens Fiction,Grey (Fifty Shades #4),Four,Â£48.49
Womens Fiction,Meternity,Three,Â£43.58
Womens Fiction,Some Women,Five,Â£13.73
Womens Fiction,Shopaholic Ties the Knot (Shopaholic #3),Five,Â£48.39
Womens Fiction,Can You Keep a Secret?,One,Â£21.94
Womens Fiction,Twenties Girl,Two,Â£42.80
Womens Fiction,The Undomestic Goddess,Four,Â£45.75
Womens Fiction,The Nanny Diaries (Nanny #1),Five,Â£52.53
Womens Fiction,The Devil Wears Prada (The Devil Wears Prada #1),One,Â£44.29
Womens Fiction,Something Borrowed (Darcy & Rachel #1),Five,Â£48.96
Womens Fiction,Something Blue (Darcy & Rachel #2),One,Â£54.62
Womens Fiction,I've Got Your Number,One,Â£19.69
Womens Fiction,The Edge of Reason (Bridget Jones #2),Four,Â£19.18
Womens Fiction,Bridget Jones's Diary (Bridget Jones #1),One,Â£29.82
Fiction,Soumission,One,Â£50.10
Fiction,Private Paris (Private #10),Five,Â£47.61
Fiction,"We Love You, Charlie Freeman",Five,Â£50.27
Fiction,Thirst,Five,Â£17.27
Fiction,The Murder That Never Was (Forensic Instincts #5),Three,Â£54.11
Fiction,Tuesday Nights in 1980,Two,Â£21.04
Fiction,The Vacationers,Four,Â£42.15
Fiction,The Regional Office Is Under Attack!,Five,Â£51.36
Fiction,Finders Keepers (Bill Hodges Trilogy #2),Five,Â£53.53
Fiction,The Time Keeper,Five,Â£27.88
Fiction,The Testament of Mary,Four,Â£52.67
Fiction,The First Hostage (J.B. Collins #2),Three,Â£25.85
Fiction,Take Me with You,Three,Â£45.21
Fiction,Still Life with Bread Crumbs,Three,Â£26.41
Fiction,Shtum,Four,Â£55.84
Fiction,My Name Is Lucy Barton,One,Â£41.56
Fiction,My Mrs. Brown,Three,Â£24.48
Fiction,Mr. Mercedes (Bill Hodges Trilogy #1),One,Â£28.90
Fiction,I Am Pilgrim (Pilgrim #1),Four,Â£10.60
Fiction,Eligible (The Austen Project #4),Three,Â£27.09
Fiction,Eight Hundred Grapes,Four,Â£14.39
Fiction,Dear Mr. Knightley,Five,Â£11.21
Fiction,Cometh the Hour (The Clifton Chronicles #6),Three,Â£25.01
Fiction,Balloon Animals,Three,Â£17.03
Fiction,A Man Called Ove,One,Â£39.72
Fiction,The Silent Sister (Riley MacPherson #1),Five,Â£46.29
Fiction,The Dinner Party,Two,Â£56.54
Fiction,The Improbability of Love,One,Â£59.45
Fiction,Mothering Sunday,Two,Â£13.34
Fiction,Lies and Other Acts of Love,One,Â£45.14
Fiction,Daredevils,Three,Â£16.34
Fiction,11/22/63,Three,Â£48.48
Fiction,The Shack,One,Â£28.03
Fiction,The High Mountains of Portugal,One,Â£51.15
Fiction,Miller's Valley,Two,Â£58.54
Fiction,Hystopia: A Novel,Four,Â£21.96
Fiction,The Bourne Identity (Jason Bourne #1),Four,Â£42.78
Fiction,Sister Dear,Four,Â£40.20
Fiction,Memoirs of a Geisha,Three,Â£49.67
Fiction,Me Before You (Me Before You #1),One,Â£19.02
Fiction,Deception Point,Four,Â£40.32
Fiction,The Little Paris Bookshop,Three,Â£24.73
Fiction,The Firm,Three,Â£45.56
Fiction,The Expatriates,Two,Â£44.58
Fiction,Siddhartha,Five,Â£34.22
Fiction,Last One Home (New Beginnings #1),Three,Â£59.98
Fiction,Digital Fortress,Five,Â£58.00
Fiction,Atlas Shrugged,Five,Â£26.58
Fiction,Three-Martini Lunch,Three,Â£23.21
Fiction,The Nightingale,Four,Â£26.26
Fiction,The Infinities,One,Â£27.41
Fiction,The Husband's Secret,Five,Â£52.51
Fiction,The Da Vinci Code (Robert Langdon #2),Two,Â£22.96
Fiction,The Art of Fielding,One,Â£22.10
Fiction,Lila (Gilead #3),Three,Â£12.47
Fiction,Jurassic Park (Jurassic Park #1),One,Â£44.97
Fiction,Inferno (Robert Langdon #4),Five,Â£41.00
Fiction,Crazy Rich Asians (Crazy Rich Asians #1),Five,Â£49.13
Fiction,Big Little Lies,One,Â£22.11
Fiction,The Course of Love,Three,Â£16.78
Fiction,When I'm Gone,Three,Â£51.96
Fiction,The Silent Wife,Five,Â£12.34
Fiction,The Bette Davis Club,Three,Â£30.66
Fiction,Kitchens of the Great Midwest,Five,Â£57.20
Fiction,Bright Lines,Five,Â£39.07
Childrens,Birdsong: A Story in Pictures,Three,Â£54.64
Childrens,The Bear and the Piano,One,Â£36.89
Childrens,The Secret of Dreadwillow Carse,One,Â£56.13
Childrens,The White Cat and the Monk: A Retelling of the Poem âPangur BÃ¡nâ,Four,Â£58.08
Childrens,Little Red,Three,Â£13.47
Childrens,Walt Disney's Alice in Wonderland,Five,Â£12.96
Childrens,Twenty Yawns,Two,Â£22.08
Childrens,Rain Fish,Three,Â£23.57
Childrens,Once Was a Time,Two,Â£18.28
Childrens,Luis Paints the World,Three,Â£53.95
Childrens,Nap-a-Roo,One,Â£25.08
Childrens,The Whale,Four,Â£35.96
Childrens,"Shrunken Treasures: Literary Classics, Short, Sweet, and Silly",Three,Â£52.87
Childrens,Raymie Nightingale,Two,Â£34.41
Childrens,Playing from the Heart,One,Â£32.38
Childrens,Maybe Something Beautiful: How Art Transformed a Neighborhood,One,Â£22.54
Childrens,The Wild Robot,Three,Â£56.07
Childrens,The Thing About Jellyfish,One,Â£48.77
Childrens,The Lonely Ones,Five,Â£43.59
Childrens,The Day the Crayons Came Home (Crayons),Five,Â£26.33
Childrens,The Cat in the Hat (Beginner Books B-1),Two,Â£16.26
Childrens,Red: The True Story of Red Riding Hood,Three,Â£28.54
Childrens,Horrible Bear!,Two,Â£37.52
Childrens,Green Eggs and Ham (Beginner Books B-16),Four,Â£10.79
Childrens,Counting Thyme,One,Â£10.62
Childrens,Are We There Yet?,Three,Â£10.66
Childrens,Diary of a Minecraft Zombie Book 1: A Scare of a Dare (An Unofficial Minecraft Book),Four,Â£52.88
Childrens,Matilda,One,Â£28.34
Childrens,Charlie and the Chocolate Factory (Charlie Bucket #1),Three,Â£22.85
Religion,"Don't Be a Jerk: And Other Practical Advice from Dogen, Japan's Greatest Zen Master",Two,Â£37.97
Religion,You Are What You Love: The Spiritual Power of Habit,Four,Â£21.87
Religion,God: The Most Unpleasant Character in All Fiction,Five,Â£30.03
Religion,The Book of Mormon,Three,Â£24.57
Religion,"A History of God: The 4,000-Year Quest of Judaism, Christianity, and Islam",One,Â£27.62
Religion,The Bhagavad Gita,Three,Â£57.49
Religion,Choosing Our Religion: The Spiritual Lives of America's Nones,Four,Â£28.42
Nonfiction,Worlds Elsewhere: Journeys Around Shakespeareâs Globe,Five,Â£40.30
Nonfiction,The Five Love Languages: How to Express Heartfelt Commitment to Your Mate,Three,Â£31.05
Nonfiction,Reasons to Stay Alive,Two,Â£26.41
Nonfiction,#HigherSelfie: Wake Up Your Life. Free Your Soul. Find Your Tribe.,Five,Â£23.11
Nonfiction,"Unseen City: The Majesty of Pigeons, the Discreet Charm of Snails & Other Wonders of the Urban Wilderness",Four,Â£44.18
Nonfiction,Throwing Rocks at the Google Bus: How Growth Became the Enemy of Prosperity,Three,Â£31.12
Nonfiction,The Life-Changing Magic of Tidying Up: The Japanese Art of Decluttering and Organizing,Three,Â£16.77
Nonfiction,The Gutsy Girl: Escapades for Your Life of Epic Adventure,One,Â£37.13
Nonfiction,The Electric Pencil: Drawings from Inside State Hospital No. 3,One,Â£56.06
Nonfiction,Spark Joy: An Illustrated Master Class on the Art of Organizing and Tidying Up,Four,Â£41.83
Nonfiction,Reskilling America: Learning to Labor in the Twenty-First Century,Two,Â£19.83
Nonfiction,In the Country We Love: My Family Divided,Four,Â£22.00
Nonfiction,Everydata: The Misinformation Hidden in the Little Data You Consume Every Day,Two,Â£54.35
Nonfiction,Call the Nurse: True Stories of a Country Nurse on a Scottish Isle,Five,Â£29.14
Nonfiction,Algorithms to Live By: The Computer Science of Human Decisions,One,Â£30.81
Nonfiction,The Power of Now: A Guide to Spiritual Enlightenment,Two,Â£43.54
Nonfiction,The Omnivore's Dilemma: A Natural History of Four Meals,Two,Â£38.21
Nonfiction,The Genius of Birds,One,Â£17.24
Nonfiction,The Artist's Way: A Spiritual Path to Higher Creativity,Five,Â£38.49
Nonfiction,So You've Been Publicly Shamed,Two,Â£12.23
Nonfiction,"Daring Greatly: How the Courage to Be Vulnerable Transforms the Way We Live, Love, Parent, and Lead",Three,Â£19.43
Nonfiction,Big Magic: Creative Living Beyond Fear,Three,Â£30.80
Nonfiction,Becoming Wise: An Inquiry into the Mystery and Art of Living,Two,Â£27.43
Nonfiction,Agnostic: A Spirited Manifesto,Five,Â£12.51
Nonfiction,Whole Lotta Creativity Going On: 60 Fun and Unusual Exercises to Awaken and Strengthen Your Creativity,Four,Â£38.20
Nonfiction,What's It Like in Space?: Stories from Astronauts Who've Been There,Two,Â£19.60
Nonfiction,The Year of Magical Thinking,Two,Â£43.04
Nonfiction,The Literature Book (Big Ideas Simply Explained),Three,Â£17.43
Nonfiction,The Bad-Ass Librarians of Timbuktu: And Their Race to Save the Worldâs Most Precious Manuscripts,One,Â£15.77
Nonfiction,Swell: A Year of Waves,One,Â£45.58
Nonfiction,No Dream Is Too High: Life Lessons From a Man Who Walked on the Moon,Two,Â£21.95
Nonfiction,Looking for Lovely: Collecting the Moments that Matter,Five,Â£29.14
Nonfiction,Let It Out: A Journey Through Journaling,Five,Â£26.79
Nonfiction,Hamilton: The Revolution,Three,Â£58.79
Nonfiction,"Far & Away: Places on the Brink of Change: Seven Continents, Twenty-Five Years",Four,Â£15.06
Nonfiction,"Eaternity: More than 150 Deliciously Easy Vegan Recipes for a Long, Healthy, Satisfied, Joyful Life",Five,Â£51.75
Nonfiction,Buying In: The Secret Dialogue Between What We Buy and Who We Are,Four,Â£37.80
Nonfiction,Brain on Fire: My Month of Madness,Five,Â£49.32
Nonfiction,Abstract City,Five,Â£56.37
Nonfiction,13 Hours: The Inside Account of What Really Happened In Benghazi,One,Â£27.06
Nonfiction,The Lonely City: Adventures in the Art of Being Alone,Two,Â£33.26
Nonfiction,The Diary of a Young Girl,Three,Â£59.90
Nonfiction,Snatched: How A Drug Queen Went Undercover for the DEA and Was Kidnapped By Colombian Guerillas,Three,Â£21.21
Nonfiction,Furiously Happy: A Funny Book About Horrible Things,Four,Â£41.46
Nonfiction,"The Sleep Revolution: Transforming Your Life, One Night at a Time",Four,Â£11.68
Nonfiction,"Mother, Can You Not?",Five,Â£16.89
Nonfiction,A Mother's Reckoning: Living in the Aftermath of Tragedy,Three,Â£19.53
Nonfiction,"10% Happier: How I Tamed the Voice in My Head, Reduced Stress Without Losing My Edge, and Found Self-Help That Actually Works",Two,Â£24.57
Nonfiction,Chernobyl 01:23:40: The Incredible True Story of the World's Worst Nuclear Disaster,Two,Â£35.92
Nonfiction,"Zero to One: Notes on Startups, or How to Build the Future",Three,Â£34.06
Nonfiction,Why Not Me?,One,Â£17.76
Nonfiction,When Breath Becomes Air,Two,Â£39.36
Nonfiction,"The Midnight Assassin: Panic, Scandal, and the Hunt for America's First Serial Killer",Four,Â£28.45
Nonfiction,Smarter Faster Better: The Secrets of Being Productive in Life and Business,Five,Â£38.89
Nonfiction,Rising Strong,Three,Â£21.82
Nonfiction,Man's Search for Meaning,Three,Â£29.48
Nonfiction,"Love That Boy: What Two Presidents, Eight Road Trips, and My Son Taught Me About a Parent's Expectations",Two,Â£25.06
Nonfiction,Living Forward: A Proven Plan to Stop Drifting and Get the Life You Want,Three,Â£12.55
Nonfiction,I Will Find You,One,Â£44.21
Nonfiction,Brazen: The Courage to Find the You That's Been Hiding,Two,Â£19.22
Nonfiction,Between the World and Me,Four,Â£56.91
Nonfiction,Being Mortal: Medicine and What Matters in the End,Four,Â£55.06
Nonfiction,"A Murder Over a Girl: Justice, Gender, Junior High",Three,Â£13.20
Nonfiction,For the Love: Fighting for Grace in a World of Impossible Standards,Three,Â£45.13
Nonfiction,Finding God in the Ruins: How God Redeems Pain,Two,Â£46.64
Nonfiction,The Man Who Mistook His Wife for a Hat and Other Clinical Tales,Four,Â£59.45
Nonfiction,In Cold Blood,Four,Â£49.98
Nonfiction,"Girl, Interrupted",Three,Â£42.14
Nonfiction,Why Save the Bankers?: And Other Essays on Our Economic and Political Crisis,Two,Â£48.67
Nonfiction,Talking to Girls About Duran Duran: One Young Man's Quest for True Love and a Cooler Haircut,Four,Â£25.15
Nonfiction,My Mother Was Nuts,Four,Â£31.63
Nonfiction,"Data, A Love Story: How I Gamed Online Dating to Meet My Match",Three,Â£32.35
Nonfiction,The Jazz of Physics: The Secret Link Between Music and the Structure of the Universe,Three,Â£38.71
Nonfiction,The Gunning of America: Business and the Making of American Gun Culture,Four,Â£16.81
Nonfiction,The Geography of Bliss: One Grump's Search for the Happiest Places in the World,Two,Â£28.23
Nonfiction,God Is Not Great: How Religion Poisons Everything,One,Â£27.80
Nonfiction,We the People: The Modern-Day Figures Who Have Reshaped and Affirmed the Founding Fathers' Vision of America,Three,Â£31.95
Nonfiction,Very Good Lives: The Fringe Benefits of Failure and the Importance of Imagination,Three,Â£50.66
Nonfiction,"Unstuffed: Decluttering Your Home, Mind, and Soul",One,Â£58.09
Nonfiction,Under the Banner of Heaven: A Story of Violent Faith,One,Â£30.00
Nonfiction,"Trespassing Across America: One Man's Epic, Never-Done-Before (and Sort of Illegal) Hike Across the Heartland",One,Â£53.51
Nonfiction,The Name of God is Mercy,Two,Â£37.25
Nonfiction,Stiff: The Curious Lives of Human Cadavers,Three,Â£36.74
Nonfiction,Spilled Milk: Based on a True Story,One,Â£49.51
Nonfiction,"Rise of the Rocket Girls: The Women Who Propelled Us, from Missiles to the Moon to Mars",Four,Â£41.67
Nonfiction,Outliers: The Story of Success,One,Â£14.16
Nonfiction,Notes from a Small Island (Notes From a Small Island #1),One,Â£40.17
Nonfiction,Night (The Night Trilogy #1),One,Â£13.51
Nonfiction,"Miracles from Heaven: A Little Girl, Her Journey to Heaven, and Her Amazing Story of Healing",One,Â£57.83
Nonfiction,Letter to a Christian Nation,One,Â£22.20
Nonfiction,Let's Pretend This Never Happened: A Mostly True Memoir,One,Â£45.11
Nonfiction,It's Never Too Late to Begin Again: Discovering Creativity and Meaning at Midlife and Beyond,One,Â£42.38
Nonfiction,Into the Wild,Five,Â£56.70
Nonfiction,"In the Garden of Beasts: Love, Terror, and an American Family in Hitler's Berlin",Three,Â£28.85
Nonfiction,I Am Malala: The Girl Who Stood Up for Education and Was Shot by the Taliban,Two,Â£28.88
Nonfiction,Gratitude,Five,Â£26.66
Nonfiction,Disrupted: My Misadventure in the Start-Up Bubble,Five,Â£15.28
Nonfiction,Brave Enough,Five,Â£51.32
Nonfiction,"Born to Run: A Hidden Tribe, Superathletes, and the Greatest Race the World Has Never Seen",Two,Â£27.35
Nonfiction,Blink: The Power of Thinking Without Thinking,Five,Â£21.74
Nonfiction,Black Flags: The Rise of ISIS,One,Â£40.87
Nonfiction,Are We Smart Enough to Know How Smart Animals Are?,One,Â£56.58
Nonfiction,A Walk in the Woods: Rediscovering America on the Appalachian Trail,Four,Â£30.48
Nonfiction,"The Suffragettes (Little Black Classics, #96)",Two,Â£11.89
Nonfiction,Kindle Paperwhite User's Guide,Three,Â£34.00
Nonfiction,H is for Hawk,Five,Â£57.42
Nonfiction,Travels with Charley: In Search of America,Five,Â£57.82
Nonfiction,The Tumor,Five,Â£41.56
Nonfiction,The End of the Jesus Era (An Investigation #1),One,Â£14.40
Nonfiction,"Eat, Pray, Love",Three,Â£51.32
Music,Rip it Up and Start Again,Five,Â£35.02
Music,"Our Band Could Be Your Life: Scenes from the American Indie Underground, 1981-1991",Three,Â£57.25
Music,How Music Works,Two,Â£37.32
Music,Love Is a Mix Tape (Music #1),One,Â£18.03
Music,Please Kill Me: The Uncensored Oral History of Punk,Four,Â£31.19
Music,Kill 'Em and Leave: Searching for James Brown and the American Soul,Five,Â£45.05
Music,"Chronicles, Vol. 1",Two,Â£52.60
Music,This Is Your Brain on Music: The Science of a Human Obsession,One,Â£38.40
Music,"Orchestra of Exiles: The Story of Bronislaw Huberman, the Israel Philharmonic, and the One Thousand Jews He Saved from Nazi Horrors",Three,Â£12.36
Music,No One Here Gets Out Alive,Five,Â£20.02
Music,Life,Five,Â£31.58
Music,Old Records Never Die: One Man's Quest for His Vinyl and His Past,Two,Â£55.66
Music,Forever Rockers (The Rocker #12),Three,Â£28.80
Default,"The Coming Woman: A Novel Based on the Life of the Infamous Feminist, Victoria Woodhull",Three,Â£17.93
Default,The Boys in the Boat: Nine Americans and Their Epic Quest for Gold at the 1936 Berlin Olympics,Four,Â£22.60
Default,"Starving Hearts (Triangular Trade Trilogy, #1)",Two,Â£13.99
Default,America's Cradle of Quarterbacks: Western Pennsylvania's Football Factory from Johnny Unitas to Joe Montana,Three,Â£22.50
Default,Aladdin and His Wonderful Lamp,Three,Â£53.13
Default,Penny Maybe,Three,Â£33.29
Default,Maude (1883-1993):She Grew Up with the country,Two,Â£18.02
Default,"The Inefficiency Assassin: Time Management Tactics for Working Smarter, Not Longer",Five,Â£20.59
Default,Soul Reader,Two,Â£39.58
Default,Bossypants,Two,Â£49.46
Default,A World of Flavor: Your Gluten Free Passport,One,Â£42.95
Default,"A Piece of Sky, a Grain of Rice: A Memoir in Four Meditations",Five,Â£56.76
Default,Tracing Numbers on a Train,Three,Â£41.60
Default,Thirteen Reasons Why,One,Â£52.72
Default,The Secret (The Secret #1),Four,Â£27.37
Default,The Psychopath Test: A Journey Through the Madness Industry,Two,Â£36.00
Default,The Kite Runner,Four,Â£41.82
Default,The Girl on the Train,Two,Â£55.02
Default,The Emerald Mystery,Two,Â£23.15
Default,The Bridge to Consciousness: I'm Writing the Bridge Between Science and Our Old and New Beliefs.,Three,Â£32.00
Default,The Art of War,Five,Â£33.34
Default,Secrets and Lace (Fatal Hearts #1),One,Â£20.27
Default,Romero and Juliet: A Tragic Tale of Love and Zombies,One,Â£36.94
Default,Poses for Artists Volume 1 - Dynamic and Sitting Poses: An Essential Reference for Figure Drawing and the Human Form,One,Â£41.06
Default,Miss Peregrineâs Home for Peculiar Children (Miss Peregrineâs Peculiar Children #1),One,Â£10.76
Default,Large Print Heart of the Pride,Two,Â£19.15
Default,Grumbles,Two,Â£22.16
Default,First Steps for New Christians (Print Edition),One,Â£29.00
Default,Eureka Trivia 6.0,Four,Â£54.59
Default,Drive: The Surprising Truth About What Motivates Us,Four,Â£34.95
Default,Done Rubbed Out (Reightman & Bailey #1),Five,Â£37.72
Default,Beauty Restored (Riley Family Legacy Novellas #3),Two,Â£11.11
Default,Ayumi's Violin,Two,Â£15.48
Default,Anonymous,Four,Â£46.82
Default,Amy Meets the Saints and Sages,Three,Â£18.46
Default,Amatus,Five,Â£50.54
Default,V for Vendetta (V for Vendetta Complete),Four,Â£37.10
Default,"Unbroken: A World War II Story of Survival, Resilience, and Redemption",Two,Â£45.95
Default,The Wright Brothers,Four,Â£56.80
Default,The Songs of the Gods,Five,Â£44.48
Default,The Rosie Project (Don Tillman #1),One,Â£54.04
Default,The Power of Habit: Why We Do What We Do in Life and Business,Three,Â£16.88
Default,Steve Jobs,Five,Â£39.50
Default,Luckiest Girl Alive,Three,Â£49.83
Default,"Living Leadership by Insight: A Good Leader Achieves, a Great Leader Builds Monuments",Four,Â£46.91
Default,Lady Midnight (The Dark Artifices #1),Five,Â£16.28
Default,"Hush, Hush (Hush, Hush #1)",Three,Â£47.02
Default,Greek Mythic History,Five,Â£10.23
Default,Every Last Word,Three,Â£46.47
Default,Daily Fantasy Sports,One,Â£36.58
Default,Clockwork Angel (The Infernal Devices #1),One,Â£44.14
Default,City of Fallen Angels (The Mortal Instruments #4),Four,Â£11.23
Default,City of Bones (The Mortal Instruments #1),One,Â£43.28
Default,City of Ashes (The Mortal Instruments #2),One,Â£47.27
Default,"Carry On, Warrior: Thoughts on Life Unarmed",Three,Â£31.85
Default,Carrie,Two,Â£46.23
Default,Angels & Demons (Robert Langdon #1),Three,Â£51.48
Default,"The Three Searches, Meaning, and the Story",Three,Â£13.33
Default,Raspberry Pi Electronics Projects for the Evil Genius,Four,Â£49.67
Default,How to Speak Golf: An Illustrated Guide to Links Lingo,Five,Â£58.32
Default,Eleanor & Park,Five,Â£56.51
Default,Troublemaker: Surviving Hollywood and Scientology,Two,Â£48.39
Default,Adultery,Five,Â£20.88
Default,Unlimited Intuition Now,Four,Â£58.87
Default,Underlying Notes,Two,Â£11.82
Default,The New Brand You: Your New Image Makes the Sale for You,Five,Â£44.05
Default,The Flowers Lied,Two,Â£16.68
Default,"NaNo What Now? Finding your editing process, revising your NaNoWriMo book and building a writing career through publishing and beyond",Four,Â£10.41
Default,Modern Day Fables,Two,Â£47.44
Default,The Unlikely Pilgrimage of Harold Fry (Harold Fry #1),Five,Â£43.62
Default,The Martian (The Martian #1),Two,Â£41.39
Default,Left Behind (Left Behind #1),Two,Â£40.72
Default,John Vassos: Industrial Design for Modern Life,Four,Â£20.22
Default,I'll Give You the Sun,One,Â£56.48
Default,Heaven is for Real: A Little Boy's Astounding Story of His Trip to Heaven and Back,Two,Â£52.86
Default,Ender's Game (The Ender Quintet #1),One,Â£43.64
Default,Death by Leisure: A Cautionary Tale,Four,Â£37.51
Default,Wildlife of New York: A Five-Borough Coloring Book,Two,Â£22.14
Default,The Year of Living Biblically: One Man's Humble Quest to Follow the Bible as Literally as Possible,One,Â£34.72
Default,The Great Gatsby,Four,Â£36.05
Default,The Good Girl,Three,Â£49.03
Default,The 7 Habits of Highly Effective People: Powerful Lessons in Personal Change,Four,Â£33.17
Default,Steal Like an Artist: 10 Things Nobody Told You About Being Creative,Two,Â£20.90
Default,Life of Pi,Four,Â£13.22
Default,The Sound Of Love,Five,Â£57.84
Default,The Perks of Being a Wallflower,Three,Â£55.02
Default,The Makings of a Fatherless Child,Two,Â£31.58
Default,The Hobbit (Middle-Earth Universe),Five,Â£17.80
Default,The Fellowship of the Ring (The Lord of the Rings #1),Two,Â£10.27
Default,Ship Leaves Harbor: Essays on Travel by a Recovering Journeyman,Three,Â£30.60
Default,Musicophilia: Tales of Music and the Brain,One,Â£46.58
Default,What If?: Serious Scientific Answers to Absurd Hypothetical Questions,Four,Â£53.68
Default,The Fault in Our Stars,One,Â£47.22
Default,The Dream Thieves (The Raven Cycle #2),One,Â£34.50
Default,The 5th Wave (The 5th Wave #1),Two,Â£11.83
Default,Shiver (The Wolves of Mercy Falls #1),Five,Â£16.23
Default,Remember Me?,Three,Â£11.48
Default,If I Stay (If I Stay #1),Five,Â£38.13
Default,I Know Why the Caged Bird Sings (Maya Angelou's Autobiography #1),Two,Â£36.55
Default,Harry Potter and the Deathly Hallows (Harry Potter #7),One,Â£23.32
Default,Fool Me Once,One,Â£16.96
Default,Drama,Two,Â£38.70
Default,"Blue Lily, Lily Blue (The Raven Cycle #3)",Five,Â£34.13
Default,Alight (The Generations Trilogy #2),Four,Â£58.59
Default,Vogue Colors A to Z: A Fashion Coloring Book,Four,Â£52.35
Default,The Shining (The Shining #1),Three,Â£27.88
Default,The Hunger Games (The Hunger Games #1),Five,Â£29.85
Default,Outlander (Outlander #1),Five,Â£19.67
Default,Mockingjay (The Hunger Games #3),Four,Â£20.44
Default,Harry Potter and the Sorcerer's Stone (Harry Potter #1),Three,Â£13.90
Default,Confessions of a Shopaholic (Shopaholic #1),Two,Â£48.94
Default,Zero History (Blue Ant #3),One,Â£34.77
Default,World War Z: An Oral History of the Zombie War,One,Â£21.80
Default,Wild: From Lost to Found on the Pacific Crest Trail,Three,Â£46.02
Default,"Where'd You Go, Bernadette",One,Â£18.13
Default,Twilight (Twilight #1),Two,Â£41.93
Default,The Paris Wife,Three,Â£36.80
Default,The Maze Runner (The Maze Runner #1),One,Â£20.93
Default,The Lover's Dictionary,Two,Â£58.09
Default,The Goldfinch,Three,Â£43.58
Default,The Giver (The Giver Quartet #1),One,Â£12.30
Default,The Girl Who Played with Fire (Millennium Trilogy #2),Two,Â£22.14
Default,The Demon-Haunted World: Science as a Candle in the Dark,Four,Â£52.25
Default,The Book Thief,Two,Â£53.49
Default,The Autobiography of Malcolm X,Two,Â£23.43
Default,Shopaholic & Baby (Shopaholic #5),Two,Â£46.45
Default,Quiet: The Power of Introverts in a World That Can't Stop Talking,One,Â£43.55
Default,Packing for Mars: The Curious Science of Life in the Void,Two,Â£56.68
Default,Orange Is the New Black,Two,Â£24.61
Default,One for the Money (Stephanie Plum #1),Two,Â£32.87
Default,Morning Star (Red Rising #3),One,Â£29.40
Default,Life After Life,Two,Â£26.13
Default,"Lean In: Women, Work, and the Will to Lead",One,Â£25.02
Default,Is Everyone Hanging Out Without Me? (And Other Concerns),Three,Â£20.11
Default,Gone Girl,Five,Â£37.60
Default,Fellside,One,Â£38.62
Default,Eclipse (Twilight #3),One,Â£18.74
Default,Dracula,Three,Â£52.62
Default,Dead Wake: The Last Crossing of the Lusitania,Five,Â£39.24
Default,"David and Goliath: Underdogs, Misfits, and the Art of Battling Giants",One,Â£17.81
Default,Dark Places,Five,Â£23.90
Default,Breaking Dawn (Twilight #4),Five,Â£35.28
Default,Beautiful Creatures (Caster Chronicles #1),Five,Â£21.55
Default,A Visit from the Goon Squad,Five,Â£14.08
Default,The Zombie Room,Five,Â£19.69
Default,The Name of the Wind (The Kingkiller Chronicle #1),Three,Â£50.59
Default,Taking Shots (Assassins #1),Two,Â£18.88
Default,Shatter Me (Shatter Me #1),One,Â£42.40
Default,Paradise Lost (Paradise #1),One,Â£24.96
Default,On the Road (Duluoz Legend),Three,Â£32.36
Default,Jane Eyre,Five,Â£38.43
Default,Frankenstein,Two,Â£38.00
Science Fiction,Mesaerion: The Best Science Fiction Stories 1800-1849,One,Â£37.59
Science Fiction,Join,Five,Â£35.67
Science Fiction,"William Shakespeare's Star Wars: Verily, A New Hope (William Shakespeare's Star Wars #4)",Four,Â£43.30
Science Fiction,The Project,One,Â£10.65
Science Fiction,Soft Apocalypse,Two,Â£26.12
Science Fiction,Sleeping Giants (Themis Files #1),One,Â£48.74
Science Fiction,Arena,Four,Â£21.36
Science Fiction,Foundation (Foundation (Publication Order) #1),One,Â£32.42
Science Fiction,The Restaurant at the End of the Universe (Hitchhiker's Guide to the Galaxy #2),One,Â£10.92
Science Fiction,Ready Player One,Four,Â£19.07
Science Fiction,"Life, the Universe and Everything (Hitchhiker's Guide to the Galaxy #3)",Two,Â£33.26
Science Fiction,Dune (Dune #1),One,Â£54.86
Science Fiction,Do Androids Dream of Electric Sheep? (Blade Runner #1),One,Â£51.48
Science Fiction,Three Wishes (River of Time: California #1),Two,Â£44.18
Science Fiction,The Last Girl (The Dominion Trilogy #1),Two,Â£36.26
Science Fiction,Having the Barbarian's Baby (Ice Planet Barbarians #7.5),Four,Â£34.96
Sports and Games,The Book of Basketball: The NBA According to The Sports Guy,Five,Â£44.84
Sports and Games,"Friday Night Lights: A Town, a Team, and a Dream",Three,Â£51.22
Sports and Games,Sugar Rush (Offensive Line #2),One,Â£24.42
Sports and Games,Settling the Score (The Summer Games #1),Two,Â£44.91
Sports and Games,Icing (Aces Hockey #2),Four,Â£40.44
Add a comment,The Torch Is Passed: A Harding Family Story,One,Â£19.09
Add a comment,"The Mindfulness and Acceptance Workbook for Anxiety: A Guide to Breaking Free from Anxiety, Phobias, and Worry Using Acceptance and Commitment Therapy",Four,Â£23.89
Add a comment,The Art Forger,Three,Â£40.76
Add a comment,On a Midnight Clear,Three,Â£14.07
Add a comment,Judo: Seven Steps to Black Belt (an Introductory Guide for Beginners),Two,Â£53.90
Add a comment,"Shobu Samurai, Project Aryoku (#3)",Three,Â£29.06
Add a comment,Modern Romance,Five,Â£28.26
Add a comment,The White Queen (The Cousins' War #1),Five,Â£25.91
Add a comment,The Song of Achilles,Five,Â£37.40
Add a comment,The Immortal Life of Henrietta Lacks,Two,Â£40.67
Add a comment,The Dovekeepers,One,Â£48.78
Add a comment,More Than Music (Chasing the Dream #1),Two,Â£37.61
Add a comment,Code Name Verity (Code Name Verity #1),Four,Â£22.13
Add a comment,Cell,Four,Â£20.29
Add a comment,Angels Walking (Angels Walking #1),Two,Â£34.20
Add a comment,"A Series of Catastrophes and Miracles: A True Story of Love, Science, and Cancer",Two,Â£56.48
Add a comment,A People's History of the United States,Two,Â£40.79
Add a comment,A Brush of Wings (Angels Walking #3),One,Â£55.51
Add a comment,Rook,Four,Â£37.86
Add a comment,The Midnight Watch: A Novel of the Titanic and the Californian,One,Â£26.20
Add a comment,The Gray Rhino: How to Recognize and Act on the Obvious Dangers We Ignore,Four,Â£59.15
Add a comment,The Children,Three,Â£11.88
Add a comment,One with You (Crossfire #5),Four,Â£15.71
Add a comment,Without Shame,Five,Â£48.27
Add a comment,Watchmen,Four,Â£58.05
Add a comment,A Hero's Curse (The Unseen Chronicles #1),Three,Â£50.49
Add a comment,23 Degrees South: A Tropical Tale of Changing Whether...,Two,Â£35.79
Add a comment,The Glass Castle,One,Â£16.24
Add a comment,The Drowning Girls,Three,Â£35.67
Add a comment,Team of Rivals: The Political Genius of Abraham Lincoln,Five,Â£20.12
Add a comment,John Adams,Four,Â£57.43
Add a comment,Good in Bed (Cannie Shapiro #1),Five,Â£37.05
Add a comment,The Joy of Cooking,Four,Â£43.27
Add a comment,The Golden Compass (His Dark Materials #1),One,Â£18.77
Add a comment,The God Delusion,Three,Â£46.85
Add a comment,Pride and Prejudice,Four,Â£19.27
Add a comment,Mere Christianity,Three,Â£48.51
Add a comment,Fun Home: A Family Tragicomic,Four,Â£56.59
Add a comment,The Raven King (The Raven Cycle #4),Two,Â£30.57
Add a comment,Find Her (Detective D.D. Warren #8),One,Â£22.37
Add a comment,Evicted: Poverty and Profit in the American City,One,Â£42.27
Add a comment,A Game of Thrones (A Song of Ice and Fire #1),Two,Â£46.42
Add a comment,A Clash of Kings (A Song of Ice and Fire #2),Three,Â£10.79
Add a comment,The Tipping Point: How Little Things Can Make a Big Difference,Two,Â£10.02
Add a comment,The Rest Is Noise: Listening to the Twentieth Century,One,Â£34.77
Add a comment,The Purpose Driven Life: What on Earth Am I Here for?,Three,Â£37.19
Add a comment,The Hitchhiker's Guide to the Galaxy (Hitchhiker's Guide to the Galaxy #1),Three,Â£47.80
Add a comment,The Girl Who Kicked the Hornet's Nest (Millennium Trilogy #3),One,Â£57.48
Add a comment,"The End of Faith: Religion, Terror, and the Future of Reason",Four,Â£22.13
Add a comment,The Complete Poems,Five,Â£41.32
Add a comment,The Catcher in the Rye,One,Â£24.55
Add a comment,The Case for Christ (Cases for Christianity),One,Â£47.84
Add a comment,The Blind Side: Evolution of a Game,Five,Â£53.71
Add a comment,Seven Days in the Art World,Two,Â£52.33
Add a comment,Sarah's Key,One,Â£46.29
Add a comment,Rogue Lawyer (Rogue Lawyer #1),Three,Â£50.11
Add a comment,Manuscript Found in Accra,Two,Â£34.98
Add a comment,Fire Bound (Sea Haven/Sisters of the Heart #5),Four,Â£21.28
Add a comment,Cosmos,Two,Â£36.17
Add a comment,#GIRLBOSS,One,Â£50.96
Add a comment,The Sense of an Ending,Three,Â£31.38
Add a comment,The Republic,Three,Â£33.78
Add a comment,The Odyssey,Three,Â£29.64
Add a comment,The Light of the Fireflies,One,Â£54.43
Add a comment,The Iliad,One,Â£16.16
Add a comment,The Communist Manifesto,Three,Â£14.76
Add a comment,Lord of the Flies,Three,Â£24.89
Fantasy,Unicorn Tracks,Three,Â£18.78
Fantasy,"Saga, Volume 6 (Saga (Collected Editions) #6)",Three,Â£25.02
Fantasy,Princess Between Worlds (Wide-Awake Princess #5),Five,Â£13.34
Fantasy,Masks and Shadows,Two,Â£56.40
Fantasy,Crown of Midnight (Throne of Glass #2),Three,Â£43.29
Fantasy,"Avatar: The Last Airbender: Smoke and Shadow, Part 3 (Smoke and Shadow #3)",Two,Â£28.09
Fantasy,A Court of Thorns and Roses (A Court of Thorns and Roses #1),One,Â£52.37
Fantasy,Throne of Glass (Throne of Glass #1),Three,Â£35.07
Fantasy,The Glittering Court (The Glittering Court #1),One,Â£44.28
Fantasy,Hollow City (Miss Peregrineâs Peculiar Children #2),One,Â£42.98
Fantasy,The Star-Touched Queen,Five,Â£46.02
Fantasy,The Hidden Oracle (The Trials of Apollo #1),Two,Â£52.26
Fantasy,The Bane Chronicles (The Bane Chronicles #1-11),Four,Â£44.73
Fantasy,Island of Dragons (Unwanteds #7),One,Â£29.65
Fantasy,Demigods & Magicians: Percy and Annabeth Meet the Kanes (Percy Jackson & Kane Chronicles Crossover #1-3),Five,Â£37.51
Fantasy,City of Glass (The Mortal Instruments #3),Four,Â£56.02
Fantasy,Searching for Meaning in Gailana,One,Â£38.73
Fantasy,The Star-Touched Queen,Five,Â£32.30
Fantasy,A Shard of Ice (The Black Symphony Saga #1),Three,Â£56.63
Fantasy,King's Folly (The Kinsman Chronicles #1),Five,Â£39.61
Fantasy,Every Heart a Doorway (Every Heart A Doorway #1),Five,Â£12.16
Fantasy,A Gathering of Shadows (Shades of Magic #2),Four,Â£44.81
Fantasy,The Raven Boys (The Raven Cycle #1),Four,Â£57.74
Fantasy,The False Prince (The Ascendance Trilogy #1),Five,Â£56.00
Fantasy,Tell the Wind and Fire,Three,Â£45.51
Fantasy,A Feast for Crows (A Song of Ice and Fire #4),Four,Â£17.21
Fantasy,The Demonists (Demonist #1),Two,Â£52.11
Fantasy,The Beast (Black Dagger Brotherhood #14),Five,Â£46.08
Fantasy,Paper and Fire (The Great Library #2),Five,Â£49.45
Fantasy,Harry Potter and the Order of the Phoenix (Harry Potter #5),Four,Â£31.63
Fantasy,Harry Potter and the Half-Blood Prince (Harry Potter #6),Five,Â£48.75
Fantasy,Harry Potter and the Chamber of Secrets (Harry Potter #2),One,Â£14.74
Fantasy,The Rose & the Dagger (The Wrath and the Dawn #2),Four,Â£58.64
Fantasy,Soldier (Talon #3),Two,Â£24.72
Fantasy,Midnight Riot (Peter Grant/ Rivers of London - books #1),Two,Â£55.46
Fantasy,Heir to the Sky,Four,Â£44.07
Fantasy,Eragon (The Inheritance Cycle #1),Three,Â£43.87
Fantasy,Darkfever (Fever #1),One,Â£56.02
Fantasy,Ash,Four,Â£22.06
Fantasy,A Storm of Swords (A Song of Ice and Fire #3),Two,Â£31.22
Fantasy,Vampire Girl (Vampire Girl #1),Two,Â£53.82
Fantasy,The Silent Twin (Detective Jennifer Knight #3),Three,Â£36.25
Fantasy,The Mirror & the Maze (The Wrath and the Dawn #1.5),One,Â£29.38
Fantasy,Sister Sable (The Mad Queen #1),Three,Â£13.33
Fantasy,Shadow Rites (Jane Yellowrock #10),Four,Â£21.72
Fantasy,Origins (Alphas 0.5),One,Â£28.99
Fantasy,One Second (Seven #7),Two,Â£52.94
Fantasy,Myriad (Prentor #1),Four,Â£58.75
New Adult,Without Borders (Wanderlove #1),Two,Â£45.07
New Adult,The Mistake (Off-Campus #2),Three,Â£43.29
New Adult,The Matchmaker's Playbook (Wingmen Inc. #1),One,Â£55.85
New Adult,The Hook Up (Game On #1),Five,Â£36.29
New Adult,Shameless,Three,Â£58.35
New Adult,Off Sides (Off #1),Five,Â£39.45
Young Adult,The Requiem Red,One,Â£22.65
Young Adult,Set Me Free,Five,Â£17.46
Young Adult,The Natural History of Us (The Fine Art of Pretending #2),Three,Â£45.22
Young Adult,Obsidian (Lux #1),Two,Â£14.86
Young Adult,Burning,Three,Â£28.81
Young Adult,A Fierce and Subtle Poison,Four,Â£28.13
Young Adult,Scarlett Epstein Hates It Here,Five,Â£43.55
Young Adult,"Nightingale, Sing",One,Â£38.28
Young Adult,Library of Souls (Miss Peregrineâs Peculiar Children #3),Five,Â£48.56
Young Adult,Frostbite (Vampire Academy #2),Five,Â£29.99
Young Adult,Wild Swans,Two,Â£14.36
Young Adult,Until Friday Night (The Field Party #1),Two,Â£46.31
Young Adult,This Is Where It Ends,Two,Â£27.12
Young Adult,The Darkest Lie,Five,Â£35.35
Young Adult,My Kind of Crazy,One,Â£40.36
Young Adult,Don't Get Caught,One,Â£55.35
Young Adult,Catching Jordan (Hundred Oaks),Three,Â£50.83
Young Adult,Aristotle and Dante Discover the Secrets of the Universe (Aristotle and Dante Discover the Secrets of the Universe #1),Four,Â£58.14
Young Adult,The Epidemic (The Program 0.6),Five,Â£14.44
Young Adult,Stars Above (The Lunar Chronicles #4.5),Two,Â£48.05
Young Adult,No Love Allowed (Dodge Cove #1),Four,Â£54.65
Young Adult,"Exit, Pursued by a Bear",Four,Â£51.34
Young Adult,The Alien Club,One,Â£54.40
Young Adult,Don't Forget Steven,One,Â£33.23
Young Adult,South of Sunshine,One,Â£28.93
Young Adult,My Life Next Door (My Life Next Door ),Five,Â£36.39
Young Adult,Future Shock (Future Shock #1),Five,Â£55.65
Young Adult,Nightstruck: A Novel,Four,Â£50.35
Young Adult,Tell the Wolves I'm Home,Two,Â£50.96
Young Adult,"Will Grayson, Will Grayson (Will Grayson, Will Grayson)",Four,Â£47.31
Young Adult,Where She Went (If I Stay #2),Four,Â£41.73
Young Adult,Two Summers,One,Â£14.64
Young Adult,The Darkest Corners,Five,Â£11.33
Young Adult,Tell Me Three Things,One,Â£41.81
Young Adult,Lola and the Boy Next Door (Anna and the French Kiss #2),Four,Â£23.63
Young Adult,Kill the Boy Band,Five,Â£15.52
Young Adult,Isla and the Happily Ever After (Anna and the French Kiss #3),Five,Â£48.13
Young Adult,An Abundance of Katherines,Five,Â£10.00
Young Adult,Harry Potter and the Prisoner of Azkaban (Harry Potter #3),Four,Â£24.17
Young Adult,Walk the Edge (Thunder Road #2),Three,Â£32.36
Young Adult,Two Boys Kissing,Two,Â£32.74
Young Adult,The New Guy (and Other Senior Year Distractions),Three,Â£44.92
Young Adult,"The Land of 10,000 Madonnas",Four,Â£29.64
Young Adult,Scarlet (The Lunar Chronicles #2),Four,Â£14.57
Young Adult,Legend (Legend #1),Four,Â£43.69
Young Adult,Lady Renegades (Rebel Belle #3),Five,Â£53.04
Young Adult,Golden (Heart of Dread #3),Four,Â£42.21
Young Adult,Cinder (The Lunar Chronicles #1),One,Â£26.09
Young Adult,Boy Meets Boy,Three,Â£21.12
Young Adult,Annie on My Mind,Five,Â£36.83
Young Adult,New Moon (Twilight #2),Four,Â£12.86
Young Adult,Girl Online On Tour (Girl Online #2),One,Â£53.47
Young Adult,The Haters,Five,Â£27.89
Young Adult,The Art of Not Breathing,Four,Â£40.83
Science,The Most Perfect Thing: Inside (and Outside) a Bird's Egg,Four,Â£42.96
Science,Immunity: How Elie Metchnikoff Changed the Course of Modern Medicine,Five,Â£57.36
Science,Sorting the Beef from the Bull: The Science of Food Fraud Forensics,Four,Â£44.74
Science,Tipping Point for Planet Earth: How Close Are We to the Edge?,One,Â£37.55
Science,"The Fabric of the Cosmos: Space, Time, and the Texture of Reality",One,Â£55.91
Science,Diary of a Citizen Scientist: Chasing Tiger Beetles and Other New Ways of Engaging the World,One,Â£28.41
Science,The Origin of Species,Four,Â£10.01
Science,The Grand Design,Three,Â£13.76
Science,Peak: Secrets from the New Science of Expertise,Two,Â£16.28
Science,"The Elegant Universe: Superstrings, Hidden Dimensions, and the Quest for the Ultimate Theory",Four,Â£13.03
Science,"The Disappearing Spoon: And Other True Tales of Madness, Love, and the History of the World from the Periodic Table of the Elements",Five,Â£57.35
Science,"Surely You're Joking, Mr. Feynman!: Adventures of a Curious Character",Two,Â£25.83
Science,Seven Brief Lessons on Physics,Four,Â£30.60
Science,The Selfish Gene,One,Â£29.45
Poetry,A Light in the Attic,Three,Â£51.77
Poetry,The Black Maria,One,Â£52.15
Poetry,Shakespeare's Sonnets,Four,Â£20.66
Poetry,Olio,One,Â£23.88
Poetry,You can't bury them all: Poems,Two,Â£33.63
Poetry,Slow States of Collapse: Poems,Three,Â£57.31
Poetry,Untitled Collection: Sabbath Poems 2014,Four,Â£14.27
Poetry,Poems That Make Grown Women Cry,Four,Â£14.19
Poetry,Night Sky with Exit Wounds,One,Â£41.05
Poetry,salt.,Four,Â£46.78
Poetry,"Quarter Life Poetry: Poems for the Young, Broke and Hangry",Five,Â£50.89
Poetry,Out of Print: City Lights Spotlight No. 14,Five,Â£53.64
Poetry,Les Fleurs du Mal,Five,Â£29.04
Poetry,Howl and Other Poems,Two,Â£40.45
Poetry,Leave This Song Behind: Teen Poetry at Its Best,Five,Â£51.17
Poetry,The Collected Poems of W.B. Yeats (The Collected Works of W.B. Yeats #1),Five,Â£15.42
Poetry,The Crossover,Four,Â£38.77
Poetry,Booked,Five,Â£17.49
Poetry,Twenty Love Poems and a Song of Despair,Four,Â£30.95
Paranormal,"Vampire Knight, Vol. 1 (Vampire Knight #1)",One,Â£15.40
Art,Wall and Piece,Four,Â£44.18
Art,Feathers: Displays of Brilliant Plumage,Three,Â£49.05
Art,Art and Fear: Observations on the Perils (and Rewards) of Artmaking,Four,Â£48.63
Art,The New Drawing on the Right Side of the Brain,Three,Â£43.02
Art,History of Beauty,Four,Â£10.29
Art,The Story of Art,Four,Â£41.14
Art,The Art Book,Two,Â£32.34
Art,Ways of Seeing,Five,Â£39.51
Psychology,The Lucifer Effect: Understanding How Good People Turn Evil,One,Â£10.40
Psychology,The Golden Condom: And Other Essays on Love Lost and Found,One,Â£39.43
Psychology,It Didn't Start with You: How Inherited Family Trauma Shapes Who We Are and How to End the Cycle,Three,Â£56.27
Psychology,An Unquiet Mind: A Memoir of Moods and Madness,Three,Â£21.30
Psychology,"Thinking, Fast and Slow",One,Â£21.14
Psychology,Civilization and Its Discontents,Two,Â£59.95
Psychology,8 Keys to Mental Health Through Exercise,One,Â£31.04
Autobiography,The Argonauts,Two,Â£10.93
Autobiography,M Train,One,Â£27.18
Autobiography,Lab Girl,One,Â£40.85
Autobiography,Approval Junkie: Adventures in Caring Too Much,Five,Â£58.81
Autobiography,Running with Scissors,Four,Â£12.91
Autobiography,Me Talk Pretty One Day,Two,Â£57.60
Autobiography,Lust & Wonder,Two,Â£11.87
Autobiography,Life Without a Recipe,Five,Â£59.04
Autobiography,A Heartbreaking Work of Staggering Genius,Five,Â£54.29
Parenting,Catastrophic Happiness: Finding Joy in Childhood's Messy Years,Two,Â£37.35
Adult Fiction,Fifty Shades Freed (Fifty Shades #3),Five,Â£15.36
Humor,The Long Haul (Diary of a Wimpy Kid #9),One,Â£44.07
Humor,Old School (Diary of a Wimpy Kid #10),Five,Â£11.83
Humor,I Know What I'm Doing -- and Other Lies I Tell Myself: Dispatches from a Life Under Construction,Four,Â£25.98
Humor,"Hyperbole and a Half: Unfortunate Situations, Flawed Coping Mechanisms, Mayhem, and Other Things That Happened",Five,Â£14.75
Humor,Dress Your Family in Corduroy and Denim,Three,Â£43.68
Humor,Toddlers Are A**holes: It's Not Your Fault,One,Â£25.55
Humor,When You Are Engulfed in Flames,Five,Â£30.89
Humor,Naked,Three,Â£31.69
Humor,"Lamb: The Gospel According to Biff, Christ's Childhood Pal",Five,Â£55.50
Humor,Holidays on Ice,Two,Â£51.07
Horror,Security,Two,Â£39.25
Horror,Follow You Home,One,Â£21.36
Horror,The Loney,One,Â£23.40
Horror,Pet Sematary,Three,Â£10.56
Horror,Doctor Sleep (The Shining #2),Two,Â£40.12
Horror,Psycho: Sanitarium (Psycho #1.5),Five,Â£36.97
Horror,Can You Keep a Secret? (Fear Street Relaunch #4),One,Â£48.64
Horror,Red Dragon (Hannibal Lecter #1),Three,Â£23.37
Horror,Dracula the Un-Dead,Five,Â£35.63
Horror,Night Shift (Night Shift #1-20),Four,Â£12.75
Horror,Needful Things,Four,Â£47.51
Horror,Misery,Two,Â£34.79
Horror,It,Three,Â£25.01
Horror,'Salem's Lot,Four,Â£49.56
Horror,The Stand,Two,Â£57.86
Horror,The Girl with All the Gifts,Three,Â£49.47
Horror,House of Leaves,One,Â£54.89
History,Sapiens: A Brief History of Humankind,Five,Â£54.23
History,"Unbound: How Eight Technologies Made Us Human, Transformed Society, and Brought Our World to the Brink",One,Â£25.52
History,The Age of Genius: The Seventeenth Century and the Birth of the Modern Mind,One,Â£19.73
History,"Political Suicide: Missteps, Peccadilloes, Bad Calls, Backroom Hijinx, Sordid Pasts, Rotten Breaks, and Just Plain Dumb Mistakes in the Annals of American Politics",Two,Â£36.28
History,Thomas Jefferson and the Tripoli Pirates: The Forgotten War That Changed American History,One,Â£59.64
History,Zealot: The Life and Times of Jesus of Nazareth,Three,Â£24.70
History,A Distant Mirror: The Calamitous 14th Century,Three,Â£14.58
History,1491: New Revelations of the Americas Before Columbus,Three,Â£21.80
History,Brilliant Beacons: A History of the American Lighthouse,Three,Â£11.45
History,"""Most Blessed of the Patriarchs"": Thomas Jefferson and the Empire of the Imagination",Five,Â£44.48
History,A Short History of Nearly Everything,Five,Â£52.40
History,The Rise and Fall of the Third Reich: A History of Nazi Germany,Two,Â£39.67
History,Catherine the Great: Portrait of a Woman,Four,Â£58.55
History,The Mathews Men: Seven Brothers and the War Against Hitler's U-boats,Five,Â£42.91
History,The Hiding Place,Four,Â£55.91
History,America's War for the Greater Middle East: A Military History,Two,Â£51.22
History,The Guns of August,Two,Â£14.54
History,"House of Lost Worlds: Dinosaurs, Dynasties, and the Story of Life on Earth",Two,Â£43.70
Food and Drink,"Foolproof Preserving: A Guide to Small Batch Jams, Jellies, Pickles, Condiments, and More: A Foolproof Guide to Making Small Batch Jams, Jellies, Pickles, Condiments, and More",Three,Â£30.52
Food and Drink,"The Pioneer Woman Cooks: Dinnertime: Comfort Classics, Freezer Food, 16-Minute Meals, and Other Delicious Ways to Solve Supper!",One,Â£56.41
Food and Drink,My Paris Kitchen: Recipes and Stories,Two,Â£33.37
Food and Drink,"Mama Tried: Traditional Italian Cooking for the Screwed, Crude, Vegan, and Tattooed",Four,Â£14.02
Food and Drink,"Layered: Baking, Building, and Styling Spectacular Cakes",One,Â£40.11
Food and Drink,The Nerdy Nummies Cookbook: Sweet Treats for the Geek in All of Us,Five,Â£37.34
Food and Drink,The Love and Lemons Cookbook: An Apple-to-Zucchini Celebration of Impromptu Cooking,Two,Â£37.60
Food and Drink,The Cookies & Cups Cookbook: 125+ sweet & savory recipes reminding you to Always Eat Dessert First,One,Â£41.25
Food and Drink,"Deliciously Ella Every Day: Quick and Easy Recipes for Gluten-Free Snacks, Packed Lunches, and Simple Meals",Three,Â£42.16
Food and Drink,The Help Yourself Cookbook for Kids: 60 Easy Plant-Based Recipes Kids Can Make to Stay Healthy and Save the Earth,Three,Â£28.77
Food and Drink,"It's All Easy: Healthy, Delicious Weeknight Meals in under 30 Minutes",One,Â£19.55
Food and Drink,Barefoot Contessa Back to Basics,One,Â£28.01
Food and Drink,Barefoot Contessa at Home: Everyday Recipes You'll Make Over and Over Again,Five,Â£50.62
Food and Drink,My Kitchen Year: 136 Recipes That Saved My Life,Two,Â£11.53
Food and Drink,Everyday Italian: 125 Simple and Delicious Recipes,Five,Â£20.10
Food and Drink,"A la Mode: 120 Recipes in 60 Pairings: Pies, Tarts, Cakes, Crisps, and More Topped with Ice Cream, Gelato, Frozen Custard, and More",One,Â£38.77
Food and Drink,Cravings: Recipes for What You Want to Eat,Three,Â£20.50
Food and Drink,"The Moosewood Cookbook: Recipes from Moosewood Restaurant, Ithaca, New York",Four,Â£12.34
Food and Drink,32 Yolks,Two,Â£53.63
Food and Drink,"Naturally Lean: 125 Nourishing Gluten-Free, Plant-Based Recipes--All Under 300 Calories",Five,Â£11.38
Food and Drink,How to Cook Everything Vegetarian: Simple Meatless Recipes for Great Food (How to Cook Everything),Four,Â£46.01
Food and Drink,How to Be a Domestic Goddess: Baking and the Art of Comfort Cooking,Two,Â£28.25
Food and Drink,The Barefoot Contessa Cookbook,Five,Â£59.92
Food and Drink,Better Homes and Gardens New Cook Book,Three,Â£39.61
Food and Drink,The Power Greens Cookbook: 140 Delicious Superfood Recipes,Five,Â£11.05
Food and Drink,Mexican Today: New and Rediscovered Recipes for Contemporary Kitchens,Five,Â£24.91
Food and Drink,Vegan Vegetarian Omnivore: Dinner for Everyone at the Table,Two,Â£13.66
Food and Drink,The Smitten Kitchen Cookbook,One,Â£23.59
Food and Drink,"The Art of Simple Food: Notes, Lessons, and Recipes from a Delicious Revolution",Three,Â£34.32
Food and Drink,Hungry Girl Clean & Hungry: Easy All-Natural Recipes for Healthy Eating in the Real World,Three,Â£33.14
Christian Fiction,Redeeming Love,Five,Â£20.47
Christian Fiction,Close to You,Four,Â£49.46
Christian Fiction,Shadows of the Past (Logan Point #1),Five,Â£39.67
Christian Fiction,Like Never Before (Walker Family #2),Two,Â£28.77
Christian Fiction,Counted With the Stars (Out from Egypt #1),Five,Â£17.97
Christian Fiction,If I Run (If I Run #1),Four,Â£49.97
Business,The Dirty Little Secrets of Getting Your Dream Job,Four,Â£33.34
Business,The Third Wave: An Entrepreneurâs Vision of the Future,Five,Â£12.61
Business,The 10% Entrepreneur: Live Your Startup Dream Without Quitting Your Day Job,Three,Â£27.55
Business,Shoe Dog: A Memoir by the Creator of NIKE,Two,Â£23.99
Business,Made to Stick: Why Some Ideas Survive and Others Die,Five,Â£38.85
Business,Quench Your Own Thirst: Business Lessons Learned Over a Beer or Two,One,Â£43.14
Business,The Art of Startup Fundraising,Three,Â£21.00
Business,Born for This: How to Find the Work You Were Meant to Do,Five,Â£21.59
Business,The E-Myth Revisited: Why Most Small Businesses Don't Work and What to Do About It,One,Â£36.91
Business,"Rich Dad, Poor Dad",One,Â£51.74
Business,The Lean Startup: How Today's Entrepreneurs Use Continuous Innovation to Create Radically Successful Businesses,Three,Â£33.92
Business,Rework,Two,Â£44.88
Biography,Louisa: The Extraordinary Life of Mrs. Adams,Two,Â£16.85
Biography,"Setting the World on Fire: The Brief, Astonishing Life of St. Catherine of Siena",Two,Â£21.15
Biography,The Faith of Christopher Hitchens: The Restless Soul of the World's Most Notorious Atheist,One,Â£39.55
Biography,Benjamin Franklin: An American Life,Three,Â£48.19
Biography,The Rise of Theodore Roosevelt (Theodore Roosevelt #1),Three,Â£42.57
Thriller,In Her Wake,One,Â£12.84
Thriller,The Elephant Tree,Five,Â£23.82
Thriller,Behind Closed Doors,Four,Â£52.22
Thriller,You (You #1),Five,Â£43.61
Thriller,The Guilty (Will Robie #4),Two,Â£13.82
Thriller,The 14th Colony (Cotton Malone #11),One,Â£39.24
Thriller,Give It Back,Two,Â£18.32
Thriller,Killing Floor (Jack Reacher #1),Four,Â£31.49
Thriller,The Bone Hunters (Lexy Vaughan & Steven Macaulay #2),Three,Â£59.71
Thriller,Far From True (Promise Falls Trilogy #2),Two,Â£34.93
Thriller,The Travelers,One,Â£15.77
Contemporary,When We Collided,One,Â£31.77
Contemporary,Someone Like You (The Harrisons #2),Five,Â£52.79
Contemporary,We Are All Completely Beside Ourselves,One,Â£24.04
Spirituality,The Four Agreements: A Practical Guide to Personal Freedom,Five,Â£17.66
Spirituality,The Activist's Tao Te Ching: Ancient Advice for a Modern Revolution,Five,Â£32.24
Spirituality,Chasing Heaven: What Dying Taught Me About Living,Two,Â£37.80
Spirituality,If I Gave You God's Phone Number....: Searching for Spirituality in America,One,Â£20.91
Spirituality,Unreasonable Hope: Finding Faith in the God Who Brings Purpose to Your Pain,Two,Â£46.33
Spirituality,A New Earth: Awakening to Your Life's Purpose,Five,Â£55.65
Academic,Logan Kade (Fallen Crest High #5.5),Two,Â£13.12
Self Help,Online Marketing for Busy Authors: A Step-By-Step Guide,One,Â£46.35
Self Help,How to Be Miserable: 40 Strategies You Already Use,One,Â£46.03
Self Help,"Overload: How to Unplug, Unwind, and Unleash Yourself from the Pressure of Stress",Three,Â£52.15
Self Help,You Are a Badass: How to Stop Doubting Your Greatness and Start Living an Awesome Life,Three,Â£12.08
Self Help,How to Stop Worrying and Start Living,Five,Â£46.49
Historical,All the Light We Cannot See,Five,Â£29.87
Historical,The Girl You Left Behind (The Girl You Left Behind #1),One,Â£15.79
Christian,(Un)Qualified: How God Uses Broken People to Do Big Things,Five,Â£54.00
Christian,Crazy Love: Overwhelmed by a Relentless God,Two,Â£47.72
Christian,Blue Like Jazz: Nonreligious Thoughts on Christian Spirituality,One,Â£25.77
Suspense,Silence in the Dark (Logan Point #4),Three,Â£58.33
Short Stories,The Grownup,One,Â£35.88
Novels,Suzie Snowflake: One beautiful flake (a self-esteem story),Five,Â£54.81
Health,"The Bulletproof Diet: Lose up to a Pound a Day, Reclaim Energy and Focus, Upgrade Your Life",Three,Â£49.05
Health,"Eat Fat, Get Thin",Two,Â£54.07
Health,10-Day Green Smoothie Cleanse: Lose Up to 15 Pounds in 10 Days!,Five,Â£49.71
Health,The Art and Science of Low Carbohydrate Living,Five,Â£52.98
Politics,Libertarianism for Beginners,Two,Â£51.33
Politics,Why the Right Went Wrong: Conservatism--From Goldwater to the Tea Party and Beyond,Four,Â£52.65
Politics,Equal Is Unfair: America's Misguided Fight Against Income Inequality,One,Â£56.86
Cultural,Amid the Chaos,One,Â£36.58
Erotica,Dark Notes,Five,Â£19.19
Crime,The Long Shadow of Small Ghosts: Murder and Memory in an American City,One,Â£10.97
